Label,RMS20_ax,RMS40_ax,RMS60_ax,RMS80_ax,RMS100_ax,RMS20_ay,RMS40_ay,RMS60_ay,RMS80_ay,RMS100_ay,RMS20_az,RMS40_az,RMS60_az,RMS80_az,RMS100_az
0.0,0.40724969887537443,0.45515396087686016,0.6907071756224974,0.5582350481268342,0.6439885273149775,0.5244194842586867,0.4654158335489975,0.6167940980784102,0.5762649812269448,0.5849804227392691,0.44333104471195106,0.5260401865916673,0.46695211773932044,0.5726318858642903,0.591513304498015
0.0,0.36050965930738643,0.32871549925844684,0.45174435472317337,0.38229499554933133,0.3830974515566922,0.5558348239583921,0.5234676535958144,0.48312037535764657,0.47712361102341044,0.5612475553697709,0.6053501189802699,0.645480006881518,0.7319219835745635,0.6443211946738845,0.5947492002139275
0.0,0.2908420387541135,0.4139392665966446,0.39066674652896655,0.5650920076388299,0.5029118350991917,0.5131485915191968,0.626783176405361,0.5732692897809955,0.6036878742594566,0.5274108296629254,0.6318926611445033,0.649629892206501,0.7350037570993122,0.6754504629293208,0.6641979780478864
0.0,0.3952814900581309,0.31293233723495517,0.27951657262705115,0.28367186067160544,0.2705243160064515,0.5575762189661184,0.6107380060745974,0.5508673436947001,0.5145085876770366,0.4838523609574075,0.6665001256974755,0.6925126419535876,0.6704404076903415,0.582099553043886,0.6931454385351865
0.0,0.40016337483949393,0.4875957489168948,0.4893924000278337,0.3815934002955576,0.6072038521905776,0.47433864644943396,0.5437564534126679,0.5383099915208813,0.589886240647904,0.6617968765340491,0.717494343716222,0.5592204722191275,0.577716089095734,0.6385221379308198,0.531790641190127
0.0,0.19305913526454901,0.28200240834215523,0.37683359773200903,0.3373737260747615,0.4735264198405085,0.47171121423940854,0.6318949703301647,0.5972472063654237,0.5275898466523458,0.47839247090124654,0.5831424800650521,0.5085472310342549,0.5557450946633583,0.6137761694995111,0.4699366622563364
0.0,0.37964088601780593,0.6069519705976105,0.37556392901753954,0.40735996597049456,0.3144298850334148,0.6384393704366422,0.5316798152215291,0.4643251401799742,0.4627244069496487,0.47952052591691596,0.6582431321007773,0.5405700262547928,0.5944835692351907,0.615054957946623,0.5855054579317045
0.0,0.40778994414413366,0.5035797657239369,0.5884930833043901,0.4956612103795922,0.6083296853143546,0.4632678740291079,0.594718487775011,0.5997637440228067,0.45452736645232095,0.5321914897192279,0.6018288700988421,0.7567149681685192,0.6633346708074965,0.6729470509457218,0.7668342095196983
0.0,0.2928770273373483,0.2969707109053227,0.2939005149167065,0.2743072345821326,0.5660075817371839,0.4203849634130455,0.5260395641160223,0.5192749268663363,0.49703079073116524,0.5442255201916661,0.38458720080360886,0.5611208170319867,0.5386237883147231,0.597570399395802,0.5377031592155842
0.0,0.26791752445769607,0.302885652623781,0.4493680220848851,0.29197767298246546,0.40025811940093386,0.4468044637175322,0.4043601851332263,0.6350531049237376,0.5021634834141623,0.5348180536919739,0.6664228079679039,0.5636510703576328,0.545105184089221,0.6293674399224868,0.676041404855333
0.0,0.3181543462645139,0.2997629841414473,0.1442621057743899,0.3621075326457964,0.1678523710434582,0.4241973934707619,0.2738351273038647,0.28680786825938326,0.6125570494002522,0.5557637423514363,0.6075604546532464,0.7455449841070592,0.7521221485416933,0.7393878835779528,0.7224227299019316
0.0,0.5718789995312314,0.1787421899983441,0.37495421349518554,0.24433572390486094,0.5218801948236977,0.3798698462751922,0.3480938409150132,0.3761022525629941,0.3436528520165022,0.3725932969321767,0.682320383630041,0.5489586355267985,0.6891911670733039,0.6316253694723752,0.47332523136002325
0.0,0.4421188556343074,0.33705222806607593,0.31289506234172915,0.2598787528756222,0.3346070570887469,0.7249984801139038,0.6445359734171573,0.6521745467996785,0.5557115002571563,0.7230797151214867,0.6071491526108008,0.4505673520919052,0.5587957602218772,0.462750653353605,0.6007669013800886
0.0,0.28662255371162143,0.38706408101306405,0.18149987055193484,0.18395629133641966,0.31204079181813243,0.34942421739909213,0.49276624290827753,0.6303983660720827,0.569459845773753,0.526104982851309,0.7090267705939791,0.686619063409096,0.7088698011401434,0.6818171351095004,0.6693019693858338
0.0,0.47585690929966884,0.6167156251748922,0.44022642603749695,0.31311355933282364,0.42825856961256814,0.5438402487607296,0.5293007745541728,0.5686027101579026,0.6257824777038208,0.43639685198618144,0.6323804673746282,0.702309876021543,0.671134296570251,0.8314803597545845,0.7207808091777033
0.0,0.19097121164863373,0.26465024628445316,0.32643917896263647,0.23755786105334079,0.19914948514887315,0.4488876097851823,0.49695408267975216,0.552641535552611,0.37088200571870816,0.5906951660698725,0.775984939629306,0.7530906440411919,0.7133417420032413,0.6180363220481903,0.7410465948046537
0.0,0.6311633547012749,0.5391394509537741,0.6977517512708682,0.6208782907471629,0.6739399005360835,0.44617979326469115,0.5139763632858096,0.5948258512700986,0.7463379547103376,0.6441134373340501,0.7644174049660309,0.7221752451877035,0.6992336857551466,0.8303100367754644,0.8133183046219052
0.0,0.29877686645380086,0.33419702923805295,0.3002257680616997,0.3522517843081706,0.44169153088111285,0.395424967329925,0.4124419168562712,0.5387984586119691,0.525112790480623,0.49328086165899737,0.5915601364057728,0.6664431346570572,0.6431447765176623,0.7469969878900893,0.541285890202154
0.0,0.35520153960304013,0.33552720895752614,0.25280954420691476,0.4211162929920224,0.36734580110875975,0.5014449136696582,0.5283730552586727,0.3523814888373217,0.3753059667955109,0.5763491951979007,0.7761330452293795,0.8496856239381588,0.7776738892495515,0.6850036884813923,0.7543955583483829
0.0,0.5003213963018707,0.4507207936268766,0.45860959626519593,0.473407255797892,0.37676886665000237,0.504470329802835,0.49914358094654604,0.5588213624348752,0.5617527576413959,0.6001516570430131,0.5310655657484922,0.6577518846878936,0.4923050442943833,0.6229036912644872,0.5827273604165435
0.0,0.41871465490205123,0.5577570130543468,0.5366770535683464,0.45089472200264097,0.48580462557364223,0.5408679890607507,0.5371477882727712,0.5588357722827538,0.6211548946627751,0.4735492048585148,0.7010296386677591,0.6737182859230293,0.6960850976691346,0.6956997865902836,0.7309989226966839
0.0,0.19392927948719849,0.2202889097006187,0.33969943752253723,0.4334740016223658,0.3739260340800184,0.43682911763405174,0.419857125590649,0.5567468934684539,0.40943870973764435,0.4916049004400223,0.7386290273146526,0.7643712053978172,0.7503659430650929,0.7914668351789397,0.7081999071122339
0.0,0.28830355257180973,0.49580870187388987,0.3509135895122767,0.3568067210066475,0.2647819183347561,0.5506510759186786,0.6002821651636421,0.5279106349687513,0.5549963401844908,0.5138019218809893,0.7700620206870396,0.6233851456367182,0.7234186062100699,0.7475449379883821,0.6798124826622327
0.0,0.4063409833024061,0.17598968967200743,0.17210235897389922,0.20863049028575928,0.28935297123153636,0.6176123973969861,0.593408564378202,0.5362642667058647,0.5480715709657217,0.6457751349696566,0.7028805860559989,0.7671208156892804,0.6563207613049334,0.6384166146681551,0.8453375151565505
0.0,0.5182132477392656,0.47238026190532595,0.5307783075543452,0.5754472721357803,0.37295975863834335,0.5608887004890408,0.46061488826261937,0.39826116646251336,0.5137716564127343,0.422765317337645,0.6884610058916766,0.7003520934063225,0.7726017763480199,0.7135359196859249,0.7272218895654322
0.0,0.5838357298044867,0.5971514171850516,0.6205198300486934,0.47197614041992847,0.481199760196979,0.5386829332004205,0.5868108901793058,0.5881074363823918,0.5634818030134675,0.5225082946090871,0.5769968414212109,0.5822811275124424,0.6764974644051337,0.6252401480152806,0.5717173013901752
0.0,0.3334845383206419,0.5324131099484953,0.47497104935476336,0.4626206914089854,0.3544083131602206,0.7307421061237493,0.5318386138222151,0.6482710076852074,0.6101089963665182,0.5725242140381939,0.6353592111877415,0.5787801606703357,0.6886786468835424,0.5948484242723876,0.5430790485421721
0.0,0.5106316169581137,0.4750886325627915,0.5398599241376304,0.592639450748925,0.42472361401638353,0.601188890423995,0.5918766063894673,0.6601805178506052,0.625993364942961,0.49005131728834045,0.6448100010105848,0.5944190694677353,0.6758420876027253,0.5765325041573892,0.5799261722539689
0.0,0.3551248020430252,0.37230758852407225,0.2953141041207904,0.47686757760615633,0.34676507337711704,0.5676931188772072,0.6249774259307008,0.5216353493210976,0.5046475756534282,0.6150314238429637,0.7212633072425205,0.7617029169869891,0.6873750556457832,0.6471289150536239,0.7287618025380118
0.0,0.3914720267755012,0.24924489968393101,0.34065527397911477,0.4564541208748165,0.46687317377177906,0.5410885335921601,0.5350159653091754,0.5458401478678924,0.5139384058244713,0.43345162023622585,0.497058534221137,0.47035833653627623,0.5326820819282775,0.5778910094008632,0.472444032939007
0.0,0.39232960729789706,0.323807332004723,0.39822669173760544,0.36094666555088956,0.29865247400316186,0.5336747150664551,0.46001855106501277,0.5882959683560021,0.5121471723007273,0.4422224240360684,0.608578669519986,0.5099469363302005,0.623790591702925,0.5304462230665246,0.6194657924743314
0.0,0.3362459320899477,0.463748741641023,0.36935213772512504,0.2935087865571486,0.3457924326733863,0.5570712401576354,0.5451095954536044,0.5461502128337596,0.5719630909594553,0.6454204853549178,0.7791549635019271,0.6625455449374225,0.7396445964295022,0.7351593449919683,0.8036582405288943
0.0,0.27732364905592116,0.21555152941975894,0.4703991704097561,0.31851483171468736,0.3284593653477901,0.6382297813595286,0.5214000631603594,0.5858899851558036,0.5473971980786712,0.4468417386144188,0.7522662865048023,0.6856622592097263,0.6180996552058793,0.6668397730216356,0.6305804347309769
0.0,0.4803115992360163,0.38594034527058485,0.38599565901014143,0.4470917703187487,0.3720725994469273,0.590229255959284,0.5249283225645437,0.5075388153747848,0.6309950138365477,0.6825975207426803,0.7793958302369303,0.6842272176191042,0.7191977963263081,0.7409069862831933,0.7200687364440284
0.0,0.46966885383780876,0.2325291279048716,0.30137547047471763,0.3764694916255354,0.40692181610878675,0.6416859320485432,0.6143744697428891,0.7399117269172395,0.7825606863324271,0.7902313920004714,0.5242216004777628,0.48847595181277137,0.5313079624031359,0.5955062012168679,0.6514878230143722
0.0,0.22675548758116254,0.22526699684996065,0.24659190873317094,0.37236867909665944,0.3952652416210525,0.5321567339751142,0.6242322256220916,0.6273178527276988,0.5923841177977057,0.5402366723904419,0.5874760360505464,0.5843176175497866,0.6117194767378008,0.5365854630808525,0.4867290943866804
0.0,0.24952377101006187,0.25361812099712466,0.41482529010527913,0.248015008092359,0.3916628445072994,0.6224831392992078,0.6678696012843524,0.5224267570335526,0.735706010366632,0.6895445593753923,0.5353321098404521,0.5411575448080735,0.5511826004053586,0.606284413147328,0.5496380341209804
0.0,0.32717488291974733,0.2518663187816192,0.48283605592390233,0.3079174278542088,0.36826196623563867,0.5070700843487965,0.48046436067475495,0.5320391457145499,0.4794269202806546,0.5264121504607308,0.656529814999392,0.6463811029453201,0.6149172345761004,0.6934612943697932,0.5946951383393397
0.0,0.4215089813652567,0.26027305551610647,0.4269875321124986,0.30455470146369035,0.35249216564878694,0.7105702374512608,0.6994570883841709,0.7269907693913906,0.6101338231915739,0.5721158273013933,0.6151218862727825,0.5986631783148093,0.5383859936752288,0.49790156769845956,0.579071243944927
0.0,0.39627589883506154,0.4420297262128626,0.23363299338390245,0.35077351831943565,0.2237993870343091,0.4694329583786111,0.5786808326145076,0.5752656907719423,0.6248133496428273,0.651345070704681,0.49748743923239375,0.5648003704990275,0.5402720376562739,0.4677001095025324,0.6000895410726342
0.0,0.2387267517689457,0.23183565944054535,0.41751573499025363,0.3699339120148518,0.2937026721054553,0.5069787338065492,0.5005107450041123,0.5430827917647943,0.5686082505223693,0.5787721756356201,0.6522024003484991,0.5892391175358174,0.6295475632909086,0.6417385920147762,0.5795704761925574
0.0,0.37803875231692885,0.23862640704647808,0.22460343734453692,0.45300160053198674,0.33375039374295457,0.4999877943750672,0.5301256251955561,0.48627158578778024,0.543418320625737,0.468241109030071,0.4914050559556777,0.4717000981919541,0.4542230840290293,0.4461043091758582,0.36543458765066494
0.0,0.431248347668127,0.29098316994211104,0.27685940965419303,0.2999009482432372,0.3197137907813607,0.5403775067399896,0.5755541229435416,0.5413780109468381,0.6143842832264654,0.6367922570861285,0.6631607290761992,0.7632399961511096,0.7692865229769725,0.736065810665438,0.7459464795950571
0.0,0.3259744755319142,0.3328720768099061,0.44658013580192313,0.18015209350645855,0.27027153504873086,0.6192108281215649,0.6002046620515287,0.5005440763130545,0.5396397725949523,0.5641914289131531,0.6859335810343312,0.7366941786241873,0.5858596640683219,0.7369875570216143,0.7520220942550379
0.0,0.4274039927659917,0.5399897246445033,0.1591544699730598,0.34157283068517563,0.20564452674423542,0.665834512330137,0.49943916605376026,0.5057389841238716,0.6103253591190059,0.647730986954999,0.6632136591241288,0.6556831872047478,0.6883113171724308,0.6593184100894093,0.6872232479345256
0.0,0.3062513439948754,0.3143624228327718,0.30664130421299096,0.3162365043901885,0.4327973575759139,0.6020868400258274,0.6150893549074874,0.5290710089165044,0.5104747570630784,0.45607724599132565,0.6326007618453361,0.5605832127376076,0.5835710741625127,0.5406890809251292,0.5128206910035084
0.0,0.22875862705532699,0.34915580746086317,0.2690526049719531,0.3151906195135736,0.5161142824728435,0.6008272490000743,0.5400925962011559,0.4782587732833523,0.4651284510818778,0.5052508063787116,0.692102861463455,0.5897054783199824,0.6884166609606037,0.6729096553124532,0.5265030454894031
0.0,0.3652590242680978,0.30289200233036645,0.41993902480029355,0.4068866731515317,0.33203342027817423,0.5978597796084278,0.4392418271701223,0.5191410738265634,0.5860153713382666,0.45603021646443603,0.6085270100713468,0.5939116632357333,0.6663761768085791,0.6575658472627656,0.5279877145616004
0.0,0.33204153749724447,0.32701318154263187,0.3487068917658381,0.2893013758577924,0.5186810659730032,0.7279764687311157,0.7434415796934984,0.6673701298946376,0.6779851793887255,0.6873204995612685,0.5707890237006199,0.5871494837703336,0.5444650018500967,0.6087291098800004,0.6160310217568363
0.0,0.18046931041342296,0.33028937097817473,0.29104823670120317,0.35331840325078934,0.21723699493370396,0.5708002352411004,0.5278483577148154,0.6722565351491427,0.518346748567308,0.49263531614074973,0.7433474489949304,0.5970654784174612,0.729469364436992,0.6583698687241332,0.6603070607221921
0.0,0.3692512880822236,0.4780972117639886,0.37260342734826796,0.34247405975897505,0.4070531161752213,0.6559176978989179,0.6486200221048087,0.5893487804966595,0.6011660038506027,0.6947904598418023,0.7303337023823331,0.6857114539981141,0.6827785092077207,0.6871399019104026,0.7166281727942375
0.0,0.5806861554418075,0.38259561944785847,0.5650673505007363,0.3297351718852105,0.41909166081185517,0.6244659855514088,0.6212767943031596,0.5435795584785332,0.5508084567456412,0.49777347959023305,0.6983625147236611,0.7537119779077074,0.6505851797466666,0.7548367463382022,0.6226411147269568
0.0,0.23959126253983062,0.4055907871450785,0.21824002045566776,0.1852088906062321,0.25218947583987905,0.4336682564283779,0.5522460297920893,0.5210710461501734,0.5430908516574671,0.45434315621665416,0.4117876599852022,0.5101033325027129,0.5518896360851723,0.631151474751251,0.5798336339208525
0.0,0.39650723213221745,0.36685497645953835,0.30278687581469094,0.443638160412378,0.2624905632312442,0.6885296546025631,0.6910638574799938,0.7083538508856625,0.6769455619677156,0.7479760238744051,0.6293891077434726,0.6324764378050968,0.6967642843664669,0.6096650269047537,0.6606623782815885
0.0,0.4712872937924159,0.3216964695740355,0.26834800975754813,0.5399969188276176,0.2888258284539483,0.6252808508141879,0.4754439071329194,0.5439862151432787,0.6077661376369112,0.4834191750408682,0.5987217138680152,0.5751256402565139,0.6007148685239045,0.6277522791017579,0.6098021232396031
0.0,0.40863819168846643,0.2962038248518991,0.21097813711349409,0.24088386080608487,0.3144979670458148,0.35517005094007176,0.39567695595601815,0.3274253586316951,0.32354582641386864,0.49135048421363337,0.6075547722252745,0.6968690538404044,0.625735240315352,0.586925599013862,0.658315807941604
0.0,0.3343583768102479,0.31671667050449376,0.3925032019412363,0.4500894839204172,0.5218397910249953,0.6694146176930169,0.570170896438953,0.6453319024975664,0.5722134016390502,0.5433665468699517,0.53822285251912,0.5542194423349018,0.6558763793577995,0.6426329764872575,0.4559439138180066
0.0,0.36792267177519994,0.4275350881819875,0.31454017616105545,0.430366999028427,0.2494454244864076,0.44325348493207317,0.46370937320600847,0.5018653643505884,0.5580141279791601,0.46936155974530736,0.6095076975967019,0.6421075392856102,0.6485399554849469,0.623001010505728,0.5872335210212639
0.0,0.5508624896536998,0.4093313051488324,0.3503191496684452,0.39796716679402344,0.2618572788084356,0.4622096041437165,0.5038652969947628,0.4684248154396652,0.5295478688677828,0.44906674035301497,0.6015851737419842,0.7316107913031025,0.7967923714528071,0.7216917791099009,0.738525063661964
0.0,0.22383687724966825,0.3130785398934387,0.3134796175623536,0.40892208680764686,0.19678039063366387,0.6564357588942973,0.5557745481458279,0.6302693651433284,0.6105130815301105,0.5620291170952314,0.7179636020677665,0.664423945219678,0.6184182709133159,0.6717197555953902,0.6515435455936953
0.0,0.24103974622460245,0.3910053140660443,0.22089827295902875,0.2666764504561192,0.2505515175367061,0.6003624192602197,0.6349657034565853,0.6314116076766699,0.6581779561413589,0.6785466410557368,0.6666612232728877,0.6141886431786798,0.6608195698142938,0.6626734843894255,0.6856398092878137
0.0,0.2903423296563592,0.1344948339215465,0.3538898039314019,0.32973405291264785,0.3424908803111884,0.7226329931859741,0.5344888168565892,0.5908310408601078,0.59025119419965,0.5592448409430382,0.6380868979467974,0.6254141871370777,0.5453960202104153,0.6041682171071551,0.5730325501150301
0.0,0.4375385702563057,0.33972108670967666,0.4721042892980083,0.3703884706026947,0.3289668912697014,0.6227196660663982,0.5422617977236867,0.5996931653395831,0.6461949596524628,0.4360476102392026,0.6674566413199465,0.6580470522996319,0.7205608311308016,0.7975123347005856,0.6243002083102172
0.0,0.36019689509409103,0.2606698710451473,0.5159577740978306,0.519683545459594,0.43607133819093136,0.4423451476464062,0.4345266962404061,0.5646378129483444,0.7389543013275653,0.7794597437428732,0.7001306481623397,0.7310868003034613,0.6748361530520457,0.7123069364904674,0.7573497820610211
0.0,0.4530977122625589,0.2890562748054129,0.5073557937822943,0.4015486411053626,0.4458630137517398,0.5815481598346532,0.5422360194724073,0.4495572751235945,0.6736778447981503,0.5223269320436199,0.5645985715702627,0.619852941718987,0.6473864873725794,0.7100245580900197,0.6919765110619518
0.0,0.40344435782645743,0.5293027743164751,0.29117958028975355,0.3722432908910528,0.3919128132121649,0.5575120586229417,0.4960159841199127,0.4725171273355355,0.629740581211322,0.6526952084055487,0.6939243121646828,0.6700787834673776,0.5721199488509386,0.5989824657401491,0.5914622787498505
0.0,0.20054149220680711,0.20255742083073477,0.1525777723835914,0.386945094695407,0.21343199164239474,0.4974391001239086,0.6072907180312964,0.5392068658899756,0.6461790386225241,0.6964123843081806,0.6453135239993604,0.6675640171257166,0.6358934103639783,0.5579778905315766,0.6843710240089332
0.0,0.48620248044870285,0.2832681224575066,0.31036860673495703,0.35376429523383635,0.33247193340765746,0.7274715813864373,0.5731057220948643,0.5466972383216007,0.5802867275443787,0.6204920007784448,0.609441925383871,0.6310329742924864,0.6358204510138139,0.526452943957202,0.635801118992221
0.0,0.2960983033500709,0.30953389672789516,0.1917300191430761,0.18152374130628454,0.39299536489841636,0.5256975481867399,0.4933091509145839,0.4559796134686723,0.47837111375634994,0.5156715505640518,0.6812138658315257,0.6939421622380746,0.6758300020108583,0.7814916293903408,0.7363476949316203
0.0,0.34032725824442217,0.337245313947043,0.3856430656075529,0.1344601284888453,0.2856335956922511,0.7494568654027042,0.5817657400151954,0.5958672079563652,0.6630006386218218,0.6908168779559629,0.6190919430501278,0.5449002771625648,0.6461317531445766,0.5766260400091991,0.5657418850146361
0.0,0.3074234978950225,0.44901132576679315,0.3072266329048537,0.29514740496184777,0.325439450853222,0.6451910857964056,0.6565307919826004,0.6845231314374968,0.7152448902883279,0.6309260779520427,0.5697139854905222,0.6961473181484711,0.5988531673421372,0.6010017365726994,0.6440379052926694
0.0,0.3562960111364415,0.36642615058366856,0.37282837525399865,0.4501722085135631,0.31909423491675803,0.5344972170521747,0.42315270672431976,0.5722469676614805,0.5383125619839122,0.5224115019121612,0.6366251743263732,0.5599278814352359,0.660441157393255,0.6631292687444056,0.5764858995997758
0.0,0.37934342926124986,0.28078909065791197,0.19229489566992533,0.5278443155876649,0.357532310845005,0.5617852369056912,0.5033859045007293,0.363056152533043,0.6953462847385915,0.532032167919375,0.5423815560879899,0.5850070145791545,0.4917257749696827,0.7043596068146272,0.5229156470477425
0.0,0.44251904308294654,0.3767072467970547,0.41449606456161153,0.33351286281638715,0.42731652745186677,0.5273336266277963,0.5015669683311876,0.5319221020043811,0.5414953591278574,0.5128306667740776,0.6651067166421682,0.6502036302997795,0.6452119431106937,0.6350338356435548,0.7034765002740272
0.0,0.44867821507265376,0.19714095551277655,0.19204223755237768,0.282276506552543,0.4247992702638296,0.6191639639316534,0.47095191314362667,0.49430234185544764,0.4741317590514568,0.519433188101625,0.4872767917325997,0.4024942382997383,0.49142782695507337,0.47453204430822127,0.49304649180090065
0.0,0.42687262165253936,0.36205440131593297,0.2522414624189148,0.4710153267485002,0.26327129156647233,0.4616995399509106,0.4816444855089859,0.4113905509705827,0.6090016183634377,0.42319122072372717,0.6508980666045251,0.47072011617025944,0.5895555443753162,0.6187059610773388,0.5840800697697853
0.0,0.35625797900661665,0.2593398292032923,0.18525888738278593,0.2304714084749751,0.33509528200484257,0.6319962494677323,0.5145174787879386,0.41656885301971974,0.6020501173754135,0.5164630895099975,0.5889594953621736,0.678699572518506,0.5665007744105746,0.6377618170195398,0.5607379908993924
0.0,0.1439147758221933,0.4537691820163415,0.3955298744440761,0.4354695205007269,0.38003101225288,0.5335084234379791,0.567575367616494,0.5857463303014128,0.6155918310591063,0.6850548608655912,0.7503941989355053,0.6797493845549798,0.7111424172414043,0.7690203740815706,0.7649805570769281
0.0,0.3338215279644188,0.36509221201575104,0.35143711975627323,0.40488351192889044,0.127818039799115,0.49701277358961504,0.582259361485364,0.437664290069776,0.49139949576818825,0.47389874648234837,0.47729269291652476,0.6528262606953618,0.42953462035808554,0.4339681069485278,0.4792250902619163
0.0,0.37593141470672087,0.46430866297563306,0.3260337969464746,0.3837343635339718,0.3923312062689189,0.5703397463354104,0.6123287511769738,0.6006606733544049,0.556084092287894,0.5625337224136464,0.7262435562598224,0.7010889606921946,0.7609706661922838,0.6017771086354008,0.7501472884365412
0.0,0.3335271973767481,0.2681436643695498,0.26054249842238353,0.3023385398511578,0.5612216610962457,0.5522888316509976,0.46518395641132676,0.45712904224243184,0.5058004416519271,0.5631193310978642,0.7056019348983621,0.6630527659555568,0.6655231816869499,0.6617198882888046,0.6240694113155814
0.0,0.2925823491382446,0.3555575069465062,0.40841855450013753,0.29541382309887343,0.2702814139524887,0.5428614905005452,0.594287779613262,0.48394090636809145,0.513625711601351,0.5722884434977509,0.7572392976818173,0.6905778459233693,0.709819219882452,0.6769069910470846,0.7178148941826396
0.0,0.16045291743313758,0.24499795792995643,0.3444367886758567,0.32606771146980934,0.4481275280500717,0.5346961712294679,0.6192987466643153,0.624927011535614,0.6388409176108678,0.49646616220373574,0.6629002609860649,0.7213868572787344,0.648409343467479,0.706297020206632,0.5561792184598131
0.0,0.4665059335960277,0.2413914865420338,0.3242739485839627,0.21404659278500826,0.34914269791698016,0.5587073520340806,0.6049202424991769,0.6420438498813162,0.5977855536215624,0.6002928031860483,0.7118496378357865,0.8264913749209443,0.8131930653152105,0.8454418130760342,0.7995422962116318
0.0,0.33736646448693186,0.33173627574470504,0.5057084170573061,0.3996479659416356,0.30201383726498326,0.4735170777821597,0.531873549883721,0.5790560278768146,0.5698433391530052,0.611622282966923,0.5818899424098604,0.6632624315270284,0.7356435577881157,0.5991285962661456,0.6404243474324831
0.0,0.3424193586776639,0.39621224009924444,0.2502215839635404,0.4448606146263791,0.37766124104278226,0.6492429467456983,0.5612743607278629,0.5907131641725969,0.6589887125776951,0.6570301372495195,0.6823940800352317,0.6581937382846498,0.7064564118229152,0.7366911463025742,0.7113627421859668
0.0,0.32219126523747754,0.38720215290205734,0.38045125992177553,0.42764897287270137,0.29245571938678594,0.517446032787513,0.521772057911897,0.5057285101528546,0.6273547923753582,0.4260989490392695,0.6992407799835206,0.7132009721386152,0.6638122076123096,0.6203911367434101,0.6946814329549857
0.0,0.4277251412297143,0.36079392597894155,0.4382865158481709,0.5463164490674234,0.4728470984332602,0.5630138532886145,0.5296926214804698,0.6414731722481407,0.6595863703035731,0.5924234046512589,0.6258788786274051,0.6648165205987505,0.7041139372970503,0.5770767815135841,0.6144461799792894
0.0,0.3802743745573309,0.38877603094830665,0.30748869046557414,0.3621085380818827,0.47543392704811865,0.658268785469767,0.765792326727849,0.6031388213130091,0.6733997004646902,0.7153809099405458,0.4059513496712731,0.5301645565323582,0.5977116445085668,0.5701909578709032,0.528826230428431
0.0,0.35811433093223843,0.3517916332312894,0.3065974187975705,0.4414398786562432,0.48178304235229485,0.5842010811374669,0.6124634520542732,0.4997514658960265,0.5165309410418958,0.6345754798720349,0.5675309389983761,0.5815922728072666,0.5410455269108365,0.47937209779381895,0.617607910042679
0.0,0.5116530657898445,0.19977836237259372,0.1872596047867758,0.31810251965963077,0.3392816032660077,0.6664306917917827,0.615796647392051,0.6086378401207159,0.7163342943122871,0.6245183042325689,0.6173319396382685,0.7151842845220091,0.6618489346077762,0.6875329369199936,0.603410636460908
0.0,0.34546466708880696,0.16421067473860917,0.16914098194067415,0.32846732566914405,0.35733377262640276,0.524583562218017,0.5401659410333904,0.4511415583607418,0.5677592352757306,0.5229932241338126,0.681334296868417,0.6038838278031935,0.684792676198129,0.6137968270504333,0.5693462115770526
0.0,0.627739923198989,0.6262149720232941,0.6364710263152907,0.6694276795883037,0.6536085966342636,0.7222105544084698,0.7207611523353257,0.6599675951085547,0.6833181955329886,0.5699583567207609,0.7586313196004931,0.6729038707241094,0.678989697416218,0.6691417610282536,0.6548857256015357
0.0,0.08935646136803514,0.11565963058290427,0.3770199175006815,0.2674503769785143,0.09623232786661749,0.40836834934370025,0.5214868980092294,0.44952165875142114,0.4576725370160388,0.5051594757177368,0.7149040109720695,0.7787355477794048,0.6668685736152996,0.6619118630677217,0.7163422344165177
0.0,0.5065343754152479,0.4148923308561568,0.29364009763173343,0.2847783785099708,0.34868092596060224,0.5006555572094042,0.5615133344776531,0.42247790158908133,0.4543809645838278,0.5659348183430528,0.5680962062620692,0.6592937411259883,0.4959586348743866,0.4827174254146926,0.5734297135470164
0.0,0.39739073965758553,0.3070344679761826,0.4162893231392691,0.23847634563487155,0.3149615482769065,0.6436583098482171,0.6980938451822413,0.6634516942323018,0.5837477398861757,0.7760626114391094,0.5628358225352382,0.6468352651194632,0.6364041466768824,0.62172257599943,0.736872366248553
0.0,0.3906319180972933,0.5038004674453835,0.519991299396325,0.5251134725457527,0.5053380749764008,0.5376649285596415,0.6752789535299879,0.612273850273048,0.5716338875731145,0.5015376002421338,0.7023671798679432,0.726950600759721,0.6392876963459995,0.6963615849406691,0.6861426156715829
0.0,0.3756143204057981,0.41870887875928253,0.4062726228573011,0.5011289849355208,0.4543003817984133,0.6326775062253072,0.6291757561525992,0.5802760264904805,0.6028713518606315,0.660489794655173,0.709330460970649,0.5853320664152061,0.6370931094252988,0.6955824683418558,0.634111589218648
0.0,0.37157931077438405,0.34907351504128503,0.3449194957123784,0.482166504296153,0.35388504767386814,0.7059634068425009,0.7772073808646546,0.6424456890124909,0.6439230574223699,0.661229876445401,0.5377632646230078,0.5724434454591187,0.51467956556199,0.561178438021796,0.5574285427101605
0.0,0.4745441854756466,0.42018017512595035,0.29764351469129596,0.31229011188809497,0.2769244299631368,0.5377365234934077,0.42053828488735495,0.3610659546641433,0.43331410670352205,0.4106797974865412,0.6794431820619994,0.7190813094586657,0.7007238008369837,0.6678544076576943,0.7537574264470014
1.0,0.34026455568117925,0.418336985804191,0.3544937024882555,0.3216966658115955,0.46297353469764463,0.5133622088853598,0.3545896715266814,0.6610838265621738,0.37063971113066174,0.5499874419037195,0.7239091396994759,0.7109922610068293,0.7108321909698035,0.7293003796680012,0.713053114248088
1.0,0.5291117898379731,0.5559327515582149,0.5153848219644283,0.49859433519834784,0.5582085282057384,0.5280874084069819,0.5179042844868764,0.4829914577873902,0.48606842267664174,0.5458961716691701,0.7744963337991979,0.7315083430727458,0.7887565499169192,0.8004926893595872,0.8116819045500048
1.0,0.45109423389026826,0.4615611681395456,0.49628488172352136,0.5219305900688815,0.26419322226963526,0.4779634104165086,0.4900086376347447,0.5763590279708383,0.5868413316498016,0.6447356773399666,0.6094548853786003,0.5942406503791308,0.6290537179011679,0.5148085346606739,0.5840160384475703
1.0,0.5738473134210181,0.5201056702200242,0.5250013811116946,0.5325777990468752,0.5020236845681877,0.6151174820339186,0.5168877798288432,0.5028556216913352,0.5075191477277766,0.7351472987529316,0.7335931721592217,0.7200968727385293,0.7966065181237976,0.7865756451089814,0.6880870819905099
1.0,0.41709980274167824,0.5424020429852655,0.5355143174222285,0.4964601199107052,0.5998943929025614,0.3952790669459281,0.5322244205984928,0.5401758582029501,0.5894077047491258,0.606623783787487,0.6766087500084037,0.68153156407069,0.6635595915284298,0.5614123208649093,0.622638149144288
1.0,0.612635225724333,0.6230453258443225,0.5415870558872082,0.5717429825320263,0.5697915933456814,0.6031650563384883,0.6656592422529605,0.5891726022577521,0.5268924556138689,0.5599214335873507,0.6095560717881287,0.6358634043420007,0.6234424968372805,0.5741313784388771,0.6787625643434205
1.0,0.42407165652012724,0.24997581213643036,0.34717348595604114,0.3032741990917793,0.33583559821208225,0.6546998872567549,0.5649295443283235,0.5035445197987992,0.6050236676783988,0.5683728740501197,0.5923295335994566,0.5883636048330291,0.5637778598269964,0.6482706461072888,0.6945910527595147
1.0,0.38190882476064797,0.27694372291107866,0.2640324287503452,0.2776658991220012,0.3308174385274279,0.5272877357493055,0.4581538594525138,0.5190514927490384,0.4687022308036857,0.7785497673290471,0.610404110968722,0.5355940812837473,0.4966443995284741,0.5141023487803216,0.5640494334379711
1.0,0.4562934825835575,0.6925406081796583,0.44433092265448565,0.5317056573517668,0.6196156214317426,0.46072308253491706,0.716195819725762,0.3823633626624733,0.4793718579064109,0.45964948801385264,0.7333068859163411,0.6836886934842935,0.7500736356341312,0.719922861637984,0.679480972867512
1.0,0.4401265829960768,0.49617803739246896,0.43473366799375984,0.48905591594059333,0.440331461110127,0.5676679376750633,0.6475033689498184,0.5864607620615321,0.6043566193196298,0.5333106603176894,0.643160053930639,0.6605606455110852,0.7492556374452731,0.5672007600150364,0.6276571609667907
1.0,0.47572999951861294,0.50763123980657,0.5596965714251683,0.6351181725670303,0.5203328131784121,0.49605600525347104,0.51030067923396,0.6783681779252458,0.6712429717083137,0.4765056988863487,0.7006119450682607,0.4844653947874105,0.5717323752387412,0.5781047134052051,0.5942683713346532
1.0,0.552139663880284,0.5028346542363245,0.6002838614710531,0.5075974444879525,0.5475889317592236,0.5548132019317163,0.5415509760388679,0.569831986656681,0.5821461336935171,0.532981160034562,0.5598139739685936,0.5299575452076712,0.5672681692020614,0.5531399408868372,0.6343478620260506
1.0,0.44851660742890354,0.3177661017390198,0.5379370979443112,0.45815257377145735,0.22609700157624307,0.7354654247070905,0.5538260223589055,0.5958352755088547,0.5812638405051141,0.4501709364068444,0.5890323548349087,0.6936750025225615,0.6619008961582418,0.715624742934767,0.7379647786967143
1.0,0.44206716615504954,0.6659613405748356,0.4837215394364229,0.5320116000296908,0.5007510152956977,0.40831056478308314,0.6821961584892758,0.45584164895198725,0.502818006197191,0.49094115630159835,0.8675215416422338,0.6640781349269358,0.8046049610526057,0.8227184590769309,0.75530687095893
1.0,0.4850146018490866,0.4286448089813056,0.5360966176080163,0.5633893044950437,0.5656503323435498,0.5268789727787712,0.4794082246041029,0.5388880184113582,0.6285809436270747,0.5398989185234518,0.8037092530297004,0.7313021741963511,0.7899591253667068,0.7780076781850332,0.7814729923702336
1.0,0.49997014843969867,0.5156319338325981,0.7044720693006912,0.5355751531256182,0.6079475718881192,0.4176735360047162,0.45479727327552655,0.7332758441282212,0.7204724921741037,0.6520544267309311,0.6819157054043167,0.6035772267652961,0.5908943567263051,0.7036030855147434,0.7377397451200193
1.0,0.6482544213370913,0.499161856150425,0.5664363826141535,0.49481428068013766,0.6694971220448483,0.6159253607940007,0.5787794732407363,0.5348392096435496,0.5079989757578776,0.6910508808102667,0.5362806026483576,0.5543067087019502,0.5656755208087421,0.5297316664935257,0.5604336160800628
1.0,0.5667385759432141,0.49830188872711556,0.45882644825448754,0.4755763998625078,0.5039588860352497,0.6319260137385233,0.4531055502136618,0.45556334404833926,0.48671227364958486,0.505090555532956,0.41203778468564634,0.4948273205092862,0.4168497074058311,0.4126329355333051,0.545739182294815
1.0,0.3534761625620612,0.49811711467743686,0.35100559166773876,0.43799856923258385,0.31929935471267096,0.5061788624782331,0.7180224190400005,0.5275153474297771,0.5428430394657429,0.5531481567497173,0.7956736945654961,0.6928543618517975,0.7757176102715628,0.7551260374975883,0.6815946952940649
1.0,0.6033889340085398,0.5625187677363798,0.6041909110232909,0.6036130180942102,0.5510157994281619,0.5736056277452488,0.5038011440567592,0.4555264414708203,0.4718380178451304,0.5065733619312343,0.6552431084596531,0.7249824292877659,0.662047119819579,0.7953308940581119,0.7110728353565802
1.0,0.8149619685402916,0.6638927902125337,0.3393596960252288,0.6265081626415463,0.5033349389307261,0.8669751773618738,0.7579395651856106,0.3552831540526572,0.7817998517451104,0.5557399149092944,0.6664879706336719,0.7514755457796176,0.8934729812262767,0.6723415963127103,0.7987328569861752
1.0,0.5079783117123893,0.5507078008085825,0.47790337174129244,0.4361220333977799,0.6017122951091157,0.5682438662785192,0.666881026534653,0.47252552292433525,0.4285975515353659,0.5739828597623748,0.78200473541856,0.75178611420795,0.8226959159536364,0.8271230185358684,0.8107864842413142
1.0,0.29085324985739414,0.4398287421820908,0.2940136778717321,0.34511046327272055,0.30592726757170613,0.4445899336182476,0.583186576640453,0.5106169458510063,0.5901462043052651,0.4290358861951187,0.7202801646562595,0.6192582224511454,0.6635596510224722,0.6435501915055376,0.7098046179586665
1.0,0.3962874759213412,0.43152913111919,0.4186961360572846,0.46375898325812476,0.49198021114084683,0.6657488508567674,0.604813922858592,0.4400873680279474,0.5461088627724591,0.6957978440344783,0.629673228144939,0.6387859191818648,0.7201103329877717,0.6670005327174741,0.6854964190011622
1.0,0.5232507976725757,0.5845645104165497,0.6067648272675614,0.5628887563427478,0.4055152810154274,0.4576347334508556,0.6134288744224581,0.6395540820224059,0.5806348182666121,0.36437822202721004,0.5375989701551912,0.5093842640133058,0.5063169988572508,0.5386965218445466,0.6043182708224771
1.0,0.46577578913570217,0.5159900622079205,0.5410723071527056,0.5047524594589664,0.4635506914214231,0.4371806034868673,0.5207185819985636,0.5122988254184534,0.5226020582307963,0.5153555876281496,0.7218334286000235,0.5468988286754904,0.5171363321904554,0.60647314556725,0.5646611607586466
1.0,0.5860851616177082,0.47526653051962703,0.5572765756932635,0.5481428775514154,0.45842391402318333,0.684426088616674,0.48480384488043926,0.6026415297148414,0.49979092011333115,0.5266638020630278,0.7228297668023612,0.7121985355044032,0.6534015861007753,0.7881552236227327,0.7847185302180983
1.0,0.499416814297395,0.5762717694195993,0.577189147254724,0.5954292124023587,0.5230299643737507,0.5685380352489222,0.6283109453707775,0.5951605786571036,0.63608363874494,0.46409476588982373,0.6363060028364472,0.5784827354495684,0.6242502965653761,0.6293676592236802,0.6859630939718684
1.0,0.6304061621317908,0.5397591464320293,0.5717767264805094,0.48442899006686796,0.7046228190618113,0.7432216529949794,0.48926468756012953,0.509156387561738,0.5090480237545686,0.6657883026197086,0.5792326454832384,0.6537122513695476,0.6322919831491064,0.6502695455075007,0.571382717046468
1.0,0.4202730813874377,0.3755602866493171,0.4506611489314792,0.3602567374924759,0.440995249934802,0.6156660212513906,0.5972180492729185,0.7161872035500224,0.47583787985754084,0.4502348758639534,0.6984829056082654,0.7123469110600726,0.6759866950546006,0.606372676258415,0.7439339976049897
1.0,0.5067172882078754,0.47369060094150306,0.5053803624680538,0.540175631583453,0.5894004362123577,0.4434425672207276,0.5089433396376433,0.5351625521610774,0.641631015498596,0.6701617492399676,0.8127597359105714,0.7680802148391351,0.7749324299082184,0.7343682707360492,0.7638151238285726
1.0,0.5851489175379831,0.5310830194162954,0.5937149718292135,0.5869411071049326,0.5459255704175606,0.5836534099500881,0.45208363268856055,0.5392521226917383,0.45990673532602633,0.5723518883299028,0.6299464545868683,0.525913602363218,0.5878440396025337,0.5918982259733131,0.5259207476086164
1.0,0.6288217335617002,0.5733530793875573,0.5468107498148178,0.45225221581726727,0.5274599204815981,0.5446564826420424,0.5442140204373059,0.48724480202899,0.33400406084478523,0.4093696333434007,0.7121139089699454,0.6701521200554071,0.6749995947617693,0.855506970395485,0.8008460939944976
1.0,0.5378166388753569,0.591556342831039,0.5947808730262353,0.627124274489214,0.6160953374669099,0.39694215163468255,0.4882087548042598,0.5788638106239913,0.5336133251798828,0.5843194064657652,0.8212533286041683,0.7863825229233208,0.7754401185596151,0.7650124504324456,0.6939633310420057
1.0,0.573352163925406,0.5735505726774071,0.5163188627150925,0.6442614520559609,0.7384096305389315,0.5677547852838603,0.6178420522395608,0.5399805663709146,0.6131177466049637,0.8171545011105082,0.5932273950154895,0.5919485832289394,0.6741958340650137,0.5668838825529945,0.564208912778959
1.0,0.5946333160494027,0.5498744583281043,0.5120461707050569,0.5693227498981583,0.5335064657218597,0.5831460482493588,0.49963921788847454,0.48330332615149024,0.6235322231905824,0.5429250795423696,0.5677040250229182,0.5631433557273605,0.6603182084475584,0.5858806105915991,0.5920614533889238
1.0,0.5045295934782975,0.5040266300399658,0.4173713017134455,0.4197746177699039,0.40804859777817415,0.5092242876267222,0.6131535900165226,0.4683657049289442,0.47586077993626164,0.5308044731256469,0.7023170741104987,0.6726418921003399,0.7220031653615031,0.7049350953578014,0.6801343874754929
1.0,0.49657886330519213,0.44004531116279144,0.602175994369068,0.4939480079754903,0.6384008478587373,0.4616203265026159,0.46734446444317923,0.6315050761906348,0.4911824961151217,0.6450755487713128,0.6781378608108614,0.7497774628062245,0.6626466519206985,0.6578164220665957,0.5398927436802391
1.0,0.5767414658701503,0.6908808808651528,0.6380230598654963,0.6300672105401817,0.537806190914676,0.49176191360594385,0.6272590158844092,0.6995796157186243,0.5671297904780007,0.5548314580113785,0.6632548087406993,0.56892603965383,0.5530988275154256,0.6004132260326512,0.5966406745449111
1.0,0.5537960328937137,0.5359479271576163,0.5794392228792916,0.4886283352754434,0.5354064184406193,0.5247615851289049,0.5229375966728177,0.5683258194446393,0.5460596245032752,0.5401626063598325,0.524332376241635,0.5161096405265168,0.557057078565533,0.6051204706269453,0.6598436103568639
1.0,0.4433329330121125,0.5599544280277572,0.6073473526890031,0.5556166279954615,0.5103417550642187,0.4359873158649302,0.5378687174930714,0.5913284057096861,0.5200222609330647,0.4118878403989144,0.7128458019768362,0.6367034905290461,0.6145842233338987,0.6789383422321356,0.5881921439689766
1.0,0.5770219462188125,0.4372085112964431,0.4509764277280791,0.5480179588460985,0.5690619517475833,0.5143355877839229,0.4343348865827223,0.35498900334365924,0.5014171094819729,0.5763365244568885,0.5800743625733648,0.5612126458391961,0.5506004590539352,0.4836553240341558,0.4690333539910212
1.0,0.5402759054380973,0.6856281110907911,0.5149079858479029,0.5364500314336295,0.608274743627935,0.5293352675154898,0.7588615953126936,0.5222786779123352,0.5824952020673386,0.5750327365599834,0.6633600273850285,0.6512353485652246,0.7128368025895195,0.7108597874022311,0.6911778343389202
1.0,0.5647921784967171,0.6243511829851608,0.5067803022009568,0.5409830040131046,0.4543671017021926,0.5520411196417784,0.5410785443065477,0.5216002473400237,0.4704351499423968,0.42328497054860265,0.7146755069003482,0.6948225960834585,0.7053890139287193,0.7335276486518382,0.8320784663961455
1.0,0.5931142305598349,0.458020523094892,0.49767010054816935,0.5290919553277527,0.49678946270867824,0.45987943939488046,0.4762084745741585,0.512886111090438,0.5709691750566677,0.5569636782012207,0.6039953655858308,0.6153859013210432,0.6338976468259673,0.6154146104581238,0.5925142848169331
1.0,0.5950580893009967,0.5175522706467934,0.5479859546496741,0.4928420673580603,0.6333559169235039,0.7937919336031078,0.5419386788895424,0.6255379840426469,0.5441096449222039,0.6861804318494201,0.6920577039627462,0.6689624299293153,0.7257840048985943,0.7194951943974484,0.6374118867451474
1.0,0.5050585204161798,0.6281229839205047,0.5165922470335716,0.5004625241376663,0.49867843384096205,0.3988478502748362,0.567348335279641,0.37727054523373005,0.46791095015132117,0.578581977854802,0.6264064779340549,0.581870634442179,0.5834691889644852,0.6462267678719997,0.5895701701011725
1.0,0.6620102937560842,0.5656847486942427,0.5019463382070005,0.5787882486525724,0.5956326988730065,0.6169147643834164,0.5643422699201315,0.527930102781089,0.4949154823113239,0.5271351612818221,0.6436310742402718,0.6365628075218089,0.7404077346505227,0.7157628251782926,0.659222354896811
1.0,0.597985427868303,0.6277211408593089,0.6078862260265427,0.5910705484481324,0.5962533083580663,0.5510863597531568,0.5526538197522687,0.5984160397965014,0.5786786865849762,0.5407740306530916,0.7582246271421886,0.8056641452562189,0.7270222176690281,0.7246642217309477,0.7850365165030647
1.0,0.506817488798052,0.573191680585702,0.5772696063704039,0.5161042250696957,0.7020188224155025,0.6458062597199801,0.5907655490309454,0.588900105562438,0.4775282918920381,0.7928299524025205,0.731138432360251,0.604048640933367,0.6325969624930526,0.6944718418236633,0.6125736259853903
1.0,0.5822155597648487,0.5360597501245496,0.5391508052313579,0.5709072365252457,0.4625363010980446,0.5930319357139694,0.5321180990875845,0.4646103200173856,0.6153361870391332,0.4538447948685933,0.6347708297421784,0.6206859416158397,0.7197929387603472,0.7015261254338704,0.6302560594991723
1.0,0.5387692628620451,0.6827309471188211,0.6141324424848956,0.5271509009185179,0.5679334421841806,0.5308611199178477,0.7487877763386914,0.71009259229775,0.5179427616640435,0.6528185706539085,0.6221511451040207,0.5443717591462706,0.6311208421888675,0.5898987057172681,0.6117324782280068
1.0,0.6138535834314962,0.5671047351392088,0.5440276949912133,0.5838942329203012,0.6341622266035432,0.6815996280976453,0.5366039014991569,0.4847930004888211,0.552498493159445,0.649108320261593,0.5312261346068634,0.6133919693947211,0.6003047000973494,0.6376770407732514,0.5564941896284571
1.0,0.5538768933063531,0.5771334397588112,0.42305636964381105,0.4943804208161744,0.4511685463149034,0.5216717590420368,0.6325637263061386,0.5936185236271052,0.5214866642857084,0.5519534130603292,0.5029543043383393,0.5221142897427357,0.6670368957121465,0.547552806543822,0.564583327130598
1.0,0.55144424074196,0.6534106616709721,0.6848659658168935,0.5828801569472399,0.6125732120134076,0.6335679253277267,0.5007791320222822,0.5609210889671294,0.45007069694366436,0.45625276327149666,0.7627815195835457,0.7987870896858399,0.7938143222935631,0.8204059911877843,0.8178806762035837
1.0,0.5365727537663775,0.542109984920555,0.43852544619210465,0.5423071903555032,0.5160519367044821,0.4679798057013152,0.5610157946764143,0.43810858189815766,0.5266148806097337,0.5415744314592896,0.6604225515613681,0.6709824745314417,0.6790937797166553,0.5931380403906229,0.6730307381054842
1.0,0.42556191545028266,0.34607453993058085,0.7009752022107989,0.28465211856034794,0.30525671226220624,0.58771533569046,0.49328077803488607,0.6211612154033223,0.5230834842429114,0.5463800271123034,0.6603501093511885,0.6571775261207123,0.4372888278330732,0.6965657684368615,0.6917173879946363
1.0,0.5981305955454108,0.6422408125116388,0.461036005652467,0.5706375968338092,0.4699738064360411,0.6132352468530827,0.6322619077970557,0.47573249737667583,0.5623174854328039,0.4422480968428097,0.6226499759550528,0.5900262263967746,0.6750765995604296,0.6685296318918519,0.5784147725201066
1.0,0.5325615476766047,0.6760161801312385,0.5397438572202997,0.846684878427351,0.5487919260465514,0.5674730624870871,0.6230091986306214,0.563411687825648,0.8539256579216205,0.5751702699413281,0.7493767289668389,0.76481620502852,0.7723310218205857,0.6864976180234683,0.7029993219131643
1.0,0.37408233571966987,0.34947071817378444,0.5072724602225487,0.3001396707653081,0.38287378957658375,0.5801110226007054,0.59549551174837,0.3887296877343539,0.5505918831147323,0.6810310543524386,0.6115002942538019,0.5960517271991524,0.6126348019564988,0.6662038664109265,0.6069656030355582
1.0,0.5490353732798536,0.5753017039972461,0.5319431817448841,0.4382498630023812,0.5631002056841208,0.5599105215685842,0.6100652420169572,0.6366940977625053,0.5411497747434988,0.5939150852447802,0.477104401872195,0.49894167260365774,0.4869956085662025,0.5474571904878782,0.4684414920742971
1.0,0.5524781794768452,0.5159147227274324,0.48199627530478734,0.5857396137578682,0.5465327652434965,0.5183873307155867,0.5662809332845525,0.49892404071076224,0.569280135117573,0.5468569694989058,0.6236723644292741,0.6451687973296569,0.5816982352207744,0.5905980230801321,0.6358240101668323
1.0,0.5752386959541725,0.6891621330172276,0.5885309970990534,0.48656906312494935,0.6086416474742784,0.5206278213498853,0.7084601806608424,0.5177845987230832,0.4058893930432937,0.599225220264688,0.668654149977475,0.5970229404053891,0.7211678599612434,0.7425620654160583,0.738090240651252
1.0,0.5187485993499448,0.5730515922486014,0.586857841501242,0.6252410734168432,0.6137718418232228,0.5378855936196781,0.5515805119731334,0.5981927335072847,0.5610058352440644,0.5241253077315277,0.4890877139071589,0.39367214749777873,0.4866720717161999,0.4233197676503922,0.4299670274199858
1.0,0.6126506890327883,0.6573447286711982,0.5581238535192047,0.5536947787127079,0.6289894239821399,0.605049581042598,0.5894840536948005,0.5364551981721049,0.5076737486256404,0.5805642682939436,0.5736825483872737,0.5395727266113399,0.5615387943992194,0.5420572045298516,0.5341858956553633
1.0,0.5318648259679478,0.510386953495554,0.46269405329030733,0.6784325220438956,0.6000627516186771,0.5938601517890431,0.4950276244595885,0.48766398625550705,0.7247531002815991,0.6506717422794168,0.5180838059643994,0.6430362042638466,0.6477778650091914,0.581930439688816,0.5658088778035621
1.0,0.5312967313470965,0.45894978084029486,0.5547928084503426,0.5344674359258736,0.47088985000948536,0.6473386012999772,0.5670591619297237,0.691025042640437,0.5630834135555864,0.5586582162355394,0.6936992671264073,0.6668153188299129,0.6595177141783127,0.6622417914869204,0.711235373248611
1.0,0.31435479873268435,0.3547831913370439,0.3308599884691974,0.3716353160180789,0.47674537218142127,0.48010565808135014,0.5638218144434963,0.46447014739220266,0.5386133077916477,0.5654252317169544,0.6754135257893686,0.5911469220859472,0.614059796837472,0.5943514539177253,0.5189931364659036
1.0,0.5097093566805095,0.5730015419954562,0.4976642994898357,0.49091478233672003,0.5193454419066206,0.49412095918895965,0.626780685807181,0.5224038715786194,0.5257827132699039,0.5373290139723402,0.7511682255283906,0.6879381509728754,0.7368562473713643,0.7126556715853992,0.7667798677039463
1.0,0.5578829256965381,0.5542007652678821,0.6511472405940788,0.546774736147249,0.5080681977583812,0.5972520884030209,0.5313965642405201,0.6771575580573315,0.5157080042516657,0.49678799674420465,0.43848976739088513,0.570285001868256,0.4907888759824258,0.6954613520365589,0.4970766218135774
1.0,0.4122070832863329,0.49457234139109507,0.5328226559754649,0.39228483657179086,0.5010700880881798,0.40592204757908396,0.48977743741309243,0.5182648760331435,0.37607593558940766,0.472961642773253,0.7578291738703595,0.7469548168385968,0.6646140667219598,0.7442786781459877,0.7559049420546424
1.0,0.4497711895591386,0.5769592125911382,0.5770894006437421,0.681582422208731,0.6281086867242822,0.4670790658231617,0.562846259567661,0.6129426337323988,0.6502121762851532,0.6780132488748025,0.727899440992621,0.7548568876824547,0.7663194953558957,0.6972942637532569,0.7064479790390651
1.0,0.5869103670776827,0.5371005042929974,0.5779836541335707,0.5748362382149851,0.5536985396975664,0.5788730623993469,0.5575409229496155,0.6054053348031919,0.5396442551090569,0.5467896902535523,0.5703707565800483,0.5515564121693851,0.5261415828032939,0.5410860194626503,0.5477535061792285
1.0,0.5371490760824221,0.574653302455789,0.4662954319069313,0.5766463977580049,0.5941371300027032,0.5321401218078846,0.6087014779665408,0.469358216025569,0.5697934865664707,0.5875586525732954,0.5491595143920522,0.5542267821695528,0.5094356247897515,0.554331134208493,0.4377302569896779
1.0,0.5921929135385393,0.6170145933092464,0.6444725391126811,0.6269066089903201,0.5213194196281822,0.5663832627974974,0.5450163556707075,0.6749347378067142,0.5709973733368895,0.5201677085712991,0.7887341395503792,0.7887187897179494,0.7227121932949585,0.7325100704922518,0.6809443323107847
1.0,0.5716577837646372,0.6344343324771051,0.5368759609774776,0.4842738066908564,0.5371954142382519,0.5403311022301156,0.6748259491412748,0.43801902795965897,0.5050428225347292,0.524661853358726,0.6685596291544106,0.5906498717833536,0.6734532841846969,0.7064038285013214,0.5783856532796886
1.0,0.29207529736152293,0.4618312566836442,0.35610068863758554,0.3976800336572145,0.336238260598374,0.4469856351793019,0.4339227639318615,0.5967382550576775,0.6551503336910515,0.5405792448177316,0.6256031796684138,0.7080622298114884,0.677199488948057,0.631807165197326,0.6271693314817914
1.0,0.6978505384408052,0.6403488333900358,0.6844341756313655,0.5765599981505283,0.5686288986398587,0.6252103401008017,0.5010361254846722,0.685239759858171,0.6128929641307541,0.46774486728041786,0.7714985398339924,0.796977323094817,0.7415529738580982,0.7897189824901445,0.7843921055271544
1.0,0.34835711500198513,0.4297233403487614,0.2582649350584215,0.27210886515109484,0.16994913750138935,0.44369228696827656,0.6527870532407485,0.48460993385177703,0.4872046089422797,0.27437940947908257,0.5681735289062536,0.5864641437476424,0.6740436924956792,0.6326738653060533,0.8026112485294092
1.0,0.49085399840353944,0.43824660870571275,0.33056434926197875,0.2898126605898967,0.2784784106206872,0.5678048828347954,0.532248819348892,0.4552562539395871,0.5313968974598321,0.5675485563593171,0.5433736308353074,0.5770350657536131,0.6161493718334374,0.5589829248519772,0.5372050792218754
1.0,0.39949346164596394,0.497603423675203,0.48346325977600346,0.5124802377504906,0.4415076529297039,0.3878448816018867,0.7354982276732349,0.6868112335835472,0.46668443788051256,0.5687380117411763,0.6870556783123528,0.45474011662379915,0.48233743006972346,0.5719375065085209,0.5593327884950067
1.0,0.3717441567284975,0.31522019180758815,0.2834033636292663,0.41336589847603394,0.32563231704341317,0.6720713677489544,0.4822398622852481,0.4940618070902312,0.4594769871288659,0.5664643539201981,0.7323116999374043,0.7603515093523326,0.6633048293589648,0.7322069668077841,0.7201344063704441
1.0,0.2472841590590667,0.37025648244141374,0.349943041019681,0.3835492191404229,0.5096749900733936,0.5027416070830816,0.5362259687749925,0.5120942212526836,0.5418711065710897,0.6768991962232045,0.5632112468839778,0.5782582277981472,0.5760536538267412,0.5766506740980486,0.47953085091179437
1.0,0.28738041173592044,0.3349698725228784,0.3287621860361835,0.4571972776024357,0.43303685185010715,0.5758734405760811,0.5299908407971424,0.4790441244943822,0.5840905105268591,0.5574304026735263,0.6214017478604789,0.7162915371921191,0.7128268394503581,0.6598395751405975,0.7178176782312667
1.0,0.3459859280212364,0.2749285696449601,0.4732682747606315,0.2981725249487453,0.3233984763587725,0.5016921483686011,0.49949249183593675,0.5584244944139809,0.4671435529097619,0.4358480271161216,0.40873648651454847,0.4853291451782546,0.5115264055173661,0.38211698431069474,0.4374695537793788
1.0,0.33990520663835644,0.32388225128785697,0.401243114100978,0.44184668290533624,0.44466498462898457,0.46769569481725115,0.5360685154297798,0.5743250671602577,0.6194820213899174,0.5410476196744314,0.5873142454944547,0.555269428574999,0.5890751150910228,0.5903301844701961,0.5437875709231247
1.0,0.40503226865378494,0.26632291395210894,0.2966139021553137,0.5072705923685035,0.3259379601737904,0.5683849484964224,0.5381891166297039,0.5208210096624981,0.5835283453956512,0.7068972691738726,0.7581073559684177,0.8103017344421065,0.8027993838510099,0.720361271689917,0.7790645851080745
1.0,0.32834006356146295,0.2789749002841717,0.472350151884016,0.37895081054179386,0.2548841270578883,0.6383025278948693,0.6106161945343789,0.7019482612304168,0.5434540581027081,0.5052590864875345,0.7600436083730584,0.7647143602229078,0.6711688610174169,0.7777126952597531,0.8027700479790435
1.0,0.24356379309355985,0.39560306229598274,0.480901693356833,0.3419904525758888,0.4157530120710936,0.4738557275054266,0.6600483174447545,0.4732417554725078,0.5397545419818031,0.6121607452851776,0.7719859420754582,0.6805888496693382,0.751121266577276,0.7438090564643195,0.7769001584431763
1.0,0.5846346893245249,0.636019353820507,0.6746250805286085,0.5634275091985168,0.5588700288312759,0.44338792851853914,0.6564932306807074,0.6878508589983132,0.49396191223141134,0.4795021590102269,0.8345440808638813,0.81718535856925,0.8072507189237837,0.8542783875435983,0.7470364684574703
1.0,0.49322020432865393,0.5171745637130986,0.33021000254118693,0.3026044319537487,0.4295341948462976,0.6824866429025702,0.794017483174165,0.5451066448209184,0.4814252965188829,0.6055100162994608,0.37156803698926505,0.3298331720679198,0.41767322748069646,0.4137307666077895,0.48670517060037943
1.0,0.2630883562878137,0.3263542126063179,0.43344028354752673,0.4847968033107056,0.3773245296484313,0.5608712092475938,0.5484397248755714,0.693118373069578,0.6402214337590558,0.4616354894432943,0.8389145432732675,0.8381307991983293,0.8104343884171942,0.8700924898970692,0.7604093925039216
1.0,0.2427237524662534,0.2574408561261109,0.4740554802121109,0.26975406351940634,0.3344639043060587,0.4857344311048004,0.5441711610670995,0.6575688790664839,0.5227360224511453,0.5579755311841077,0.8513184965552062,0.8299195261765677,0.7722765891316286,0.8141605858556874,0.7992276441162705
1.0,0.3149288519161491,0.24816206326503826,0.297601381787357,0.29107157488500723,0.4096340044808104,0.5727945840021532,0.4206070139535591,0.519679408418467,0.5077628131697627,0.6082826779615678,0.5586494970270055,0.5602412184514223,0.5929854696186772,0.594734321694774,0.6600875334084094
1.0,0.4738265394991395,0.44254591944372207,0.30203551092637115,0.37343107440041323,0.3957927723137233,0.4220552096211318,0.7097665297023998,0.43937003405104025,0.5037428010581657,0.7198972635723279,0.6315509433674816,0.6302439785592454,0.6868742166193712,0.6387431096855338,0.5457499937729365
1.0,0.7132809135446019,0.5561205785855197,0.6996241851432039,0.6353761715712813,0.6476457233114514,0.6365849056703786,0.48343526286814914,0.6162098976511903,0.5702575783174104,0.6974052770948186,0.4538379833023411,0.5856507855719507,0.45036656064678415,0.46478386054478826,0.41235658535564085
1.0,0.38221481974940985,0.43711342167324374,0.4230382103149223,0.34817955571404824,0.5800309626602637,0.5286525573874723,0.6249646080878843,0.5311910264753982,0.4975029651444701,0.5137189290345388,0.6788515107670995,0.5977386462478647,0.5647038973519353,0.6246298767249319,0.6635189470623266
1.0,0.36169789402701946,0.375506837240836,0.35444053950154025,0.47049321996654897,0.585962708012497,0.5631392450410934,0.5962696031963803,0.506091612011317,0.45256468204984246,0.6755155782399851,0.49520300916719173,0.46562416770895576,0.5597611193793931,0.4933032988675004,0.49349397823876173
1.0,0.4652340193185174,0.5615387714316397,0.487155105908728,0.5561993765555393,0.5917597189006547,0.34348974822655204,0.4979943173016736,0.4305827269734687,0.45770617689491194,0.5297472984116242,0.7046716515983548,0.4580098759851179,0.5432716875036983,0.4966491787226343,0.4776043538507869
1.0,0.6247191045252298,0.36873059143985937,0.33652650354900177,0.40605748019063287,0.5281259435463809,0.5811829627399823,0.6540094476417005,0.5634955717953116,0.6423888896442563,0.6489448749567845,0.7132604190592731,0.7629134640928108,0.7976060284975882,0.7549030854381458,0.7143713871241194
2.0,0.6160972963608036,0.5674342213330108,0.41963548082845786,0.37552615665172157,0.4952049716629177,0.4059751732127052,0.6170659377875284,0.5402472705990301,0.5071113189225593,0.5649949146998992,0.6317167967496954,0.6617009126062637,0.6156633394779654,0.5433328649962572,0.6400669082576851
2.0,0.6376561905499425,0.6263935250638628,0.5070630399810176,0.44366583130970794,0.5016268017428871,0.440041429371295,0.5872956535496808,0.5953848286171451,0.5868407488180498,0.4812544175673884,0.6365729867843899,0.6142643238869387,0.4382386857046758,0.47710303190497116,0.5287392486375956
2.0,0.5957005353759436,0.508445652746815,0.44749705356317226,0.3734432282465203,0.6370275640663225,0.4861116252191674,0.45237139897416445,0.4461074361781806,0.4978978013338003,0.43328164451574963,0.5564982551311811,0.5010616899378612,0.5116532530892606,0.4344020601341852,0.6077747356423586
2.0,0.5674490535700814,0.5964145139697536,0.4874483778995821,0.5370998372577352,0.4494264136842066,0.5762506126779351,0.3659868572190134,0.4469172652758364,0.5596161450619613,0.48723846737126547,0.5341797741181536,0.5813379292507825,0.5179036312037326,0.6072679363514853,0.4883466694887949
2.0,0.46230214296307554,0.5370549035957324,0.5430744501668291,0.482966672808048,0.5140845936449168,0.4247071458624522,0.44883216558970274,0.5713249157850011,0.6262347925665493,0.6596040623246484,0.54742409546759,0.527589782289146,0.6170938987819675,0.4653211761679775,0.5813180178439648
2.0,0.6567144422978939,0.6303623872117402,0.6172531464538729,0.5883017277863782,0.5290481899748429,0.37187632717725067,0.38083018360404114,0.6735927604121787,0.4913389952455848,0.4163080911994487,0.5657036247866551,0.531052853462556,0.656402406064492,0.48697787987696467,0.5328883627876784
2.0,0.6343182738833016,0.4778049313760463,0.6401657491850449,0.4431063407267805,0.39487479659033964,0.4678371405148896,0.6217229850353726,0.35317871607784784,0.41300186339212036,0.5679417497627585,0.7738841201383114,0.6654095901417005,0.7130476298562638,0.6464439335430363,0.6549295266295788
2.0,0.607234711368339,0.5535787906239983,0.4875431511885232,0.5520598734080807,0.4966701032296275,0.4630252064659497,0.5306703126349951,0.5752632360474896,0.5525393709483253,0.5412479965599428,0.6747169343795077,0.6216252547530106,0.5531988290305017,0.5836508580231146,0.5954629566605484
2.0,0.5610473208773976,0.49591209984437445,0.45438318816419476,0.5133340908193639,0.43565369377914615,0.665500063779031,0.5573980744165448,0.5739696219283047,0.6053792568765806,0.45075153827027203,0.560739252329167,0.5675319842652634,0.5691944663867121,0.58277184068635,0.4686279239110259
2.0,0.5096003971638127,0.37272714457093964,0.5665469633702179,0.6688591322645445,0.5799565528100071,0.4063232226099059,0.6616210598611524,0.5289280825199927,0.43055791089137635,0.460842078133025,0.5882910480636607,0.47297876279283607,0.5997175918930044,0.6666694602251924,0.6552345568042115
2.0,0.5306147392695375,0.5203617687069673,0.5180035273469576,0.460137016784104,0.48135720536088994,0.43531477639798033,0.5226728090293513,0.5071046241553101,0.5533455773830696,0.5902621862530335,0.5806733370138532,0.6148915652393064,0.6197317957175805,0.5482080813412605,0.6013065807062116
2.0,0.6003705829915182,0.5311094598551321,0.5376411844857018,0.4642914623565225,0.3961737615832308,0.4582718034253105,0.5863678794344572,0.464680347913925,0.6925172749711674,0.7716154716278345,0.4997794541198911,0.4376130447919002,0.5098334691222887,0.44480497694751925,0.39452783575267575
2.0,0.4613831271191405,0.5280999060779168,0.4600964299507539,0.6302642316728362,0.4665008707908539,0.5980557096199535,0.49811121068303454,0.7928737263841878,0.4177229966756014,0.38844134214442994,0.5514721530367,0.5850649452923321,0.54632833664071,0.6188958790860903,0.5153912595010774
2.0,0.4148147665632597,0.6159938531579064,0.6270388212392555,0.39196669694297037,0.46230716786146264,0.5609469225266317,0.39434169751332143,0.5341385650372843,0.768911602765397,0.46282219656493073,0.42545934320351825,0.5122871336787058,0.5634779210778285,0.37573425289830487,0.35867004420998627
2.0,0.5883211412903663,0.5627763861911242,0.5431459962610767,0.6534073690542762,0.7472608472094102,0.5319893907774876,0.6056465669150619,0.5963359718800212,0.49451508193630034,0.4512310683207308,0.5106486068103324,0.444484049884899,0.4511207358987704,0.5140769348633902,0.617445410172518
2.0,0.5473794515602642,0.4911550433820972,0.5776492196113584,0.6339488186785127,0.5493407352054221,0.582090334283828,0.6384230672306955,0.4447962677508605,0.5161569574819004,0.46798426310829144,0.508225318686131,0.448205390664223,0.5017615219915531,0.5963071644914962,0.4480157195216366
2.0,0.36712165692321186,0.5606153714221754,0.34186679961816796,0.5476878066298395,0.5195070087319055,0.7262338235105831,0.4537946273930875,0.5963404091110719,0.5877083969328384,0.3475201068577073,0.4762513569941319,0.6591587937165743,0.44242901081909064,0.5793270590785556,0.6000693254469746
2.0,0.6237202273328047,0.5587787223137041,0.4890674787808948,0.5859308608914636,0.5717350400826998,0.4559628691565939,0.6612854921715018,0.4569593093192372,0.4280511191093618,0.5806778340500447,0.669065416296598,0.5815761509714692,0.521785686505445,0.6068309846881033,0.6229288761061891
2.0,0.6609367992213108,0.5849685363484056,0.5059288321136431,0.628541619463681,0.7482111913645375,0.424349101358472,0.5157704134837627,0.5812336495782395,0.3354547307039922,0.4406055268757002,0.6314112234133092,0.508063352019922,0.4734074164974779,0.5813254194788887,0.6680123984080187
2.0,0.5124960913232439,0.5251902159153273,0.49033555637995074,0.5605136498060527,0.5571916012153179,0.42098382434290094,0.5383228693559937,0.4641500540905826,0.37136941467375867,0.5075520006236222,0.6656573518634721,0.5961915953981745,0.6206607481291134,0.6341440009125903,0.6210951841606126
2.0,0.6480365596340064,0.5792414090886495,0.5636858895936436,0.5640883191788473,0.4321404337353119,0.4259310833387094,0.45455327796813677,0.4760744756579721,0.38048226634111326,0.5210013999588515,0.6677950341084817,0.6473895346273905,0.6257539473185486,0.6047498507238266,0.5371085570285805
2.0,0.46499533498138035,0.4535374719702121,0.5159460807087866,0.5866953354596568,0.5106672939962297,0.4914696646445396,0.44904661963871745,0.5250374136717849,0.34118113240544923,0.4956364714827064,0.508468942210945,0.4117327634205398,0.48587280825992774,0.46230725638640224,0.42578062848658726
2.0,0.4419244462173501,0.4779627223411896,0.4677746533909359,0.35775780483345826,0.5879832225888801,0.3831997710358308,0.5010116597755105,0.6218503889964356,0.4693190108199753,0.5321496212407941,0.49242292838755464,0.5680974611825224,0.5852877568920496,0.4214365228624431,0.6042806192325367
2.0,0.41101103975889974,0.5039721101087021,0.7504759400140323,0.3125642217011095,0.5170714697926685,0.5863616076649123,0.4994026882407646,0.3729612645037288,0.6260469138182072,0.4866810876630679,0.5307810880036502,0.5374365620719611,0.697952199385993,0.3936974611817439,0.5539312159413134
2.0,0.39361476555179337,0.4137872589784265,0.517895436883245,0.56515091435049,0.4510272111159352,0.7063284453289603,0.6452017387303081,0.49009931954631014,0.3001667669064013,0.46564367940020057,0.4450923109615704,0.5486695709858784,0.488986822217067,0.5440757632572204,0.4650228394802905
2.0,0.48729148001946476,0.633005831182377,0.6688655220681532,0.588391104621662,0.5974820592933917,0.4380798842844122,0.44101486669069495,0.43760885246461545,0.6634011012762654,0.5750005836746895,0.5257686959078306,0.6149767523346763,0.5694886802999177,0.5710160739774063,0.5437000111492603
2.0,0.5266444105646483,0.4658693847748556,0.42840725927964307,0.4901416323872464,0.5139055330102252,0.46692918570199937,0.4978132338443593,0.563182740004137,0.5637674769380131,0.48630672611746517,0.6610330000918486,0.578555755032058,0.5872580632999962,0.6412842249407478,0.6189025053162626
2.0,0.5557245910006384,0.5005513098038428,0.45802679395733864,0.47577654197781255,0.5496287214054796,0.5114686080890236,0.5067246947966658,0.43039684909831766,0.5150151126886753,0.45327313189335144,0.5242039559855196,0.4824201597740211,0.4679525953274799,0.5198585444819196,0.5866788106675026
2.0,0.46083036554368095,0.45682171846928243,0.5382991762752563,0.5272074703250568,0.5503885932586244,0.44700084612779695,0.41245810415650375,0.46557576339795725,0.4960042406028474,0.5286216442424126,0.6186308954527316,0.6289796624083702,0.6778754243739199,0.6303111737795162,0.6612587364059204
2.0,0.5720222388591503,0.4140651694938826,0.5427977355252895,0.5598028866338977,0.46970637940752596,0.3991604183292197,0.524202363194155,0.5078515724979141,0.3815285858947987,0.5848095082494513,0.590109698909635,0.5450033703443011,0.5457276638235045,0.5453732081589873,0.4982177683595023
2.0,0.47144697698690424,0.49635335396300206,0.6877813722918382,0.5173530066088295,0.38248229636539893,0.4243883876016897,0.5643157213724699,0.4776084358247856,0.5236925362500165,0.7549365904021361,0.45017942190097054,0.5191902859588531,0.6112511167831056,0.5092104406887384,0.40987871746155846
2.0,0.5471659510826243,0.5409864597254226,0.5252844695147568,0.5678883686266366,0.5182280313597843,0.49717524575359245,0.49663692183604713,0.4782711579521402,0.4496796956855128,0.4393371109809201,0.5379966720961058,0.5121767704130548,0.5497648939570614,0.525325572432297,0.6066611567766608
2.0,0.5447958580957735,0.4953541197644743,0.4540329394977495,0.5060672625512617,0.509895141265161,0.6227509635622088,0.5283010601997697,0.5079248336272738,0.4053573078879845,0.4379965153835959,0.6884290617822626,0.602189089129185,0.5203590971121764,0.4912820233115071,0.5733537690933742
2.0,0.45087004578356865,0.26325454037970825,0.452180537237045,0.49013102927193614,0.3982388966732747,0.5378140333493442,0.6659909771826727,0.5111579950181325,0.4399501085952348,0.5458817877309253,0.5389337733724742,0.4410826654473513,0.5750861340535488,0.5836893489429386,0.5926282056915276
2.0,0.34213461299330583,0.4751172175155039,0.7314937924609819,0.5742090406760129,0.5460781678407425,0.673849028839005,0.6020540482784335,0.41177184076331774,0.522453006708334,0.5480144986398309,0.35399369399758907,0.5557351131465058,0.7466462679763176,0.5375690295050664,0.5533085959761244
2.0,0.4591114958628884,0.6545216804395873,0.3772518913186438,0.516483069933184,0.5261006610229324,0.435698374619967,0.5109847419120509,0.589966762299376,0.46559980385435423,0.5596783623090673,0.5224271870672165,0.6113296891842419,0.4581098406872997,0.5758273063278373,0.5694814789954383
2.0,0.48559510634903524,0.5746529979878827,0.4112831810032572,0.5174949677794847,0.4102296203174643,0.47588675373949396,0.49693386089699676,0.370743455650203,0.5119890506669812,0.5342036251466729,0.5890433631066855,0.672316863235229,0.5300594577359948,0.592529407991057,0.4756180858397007
2.0,0.6293226629739722,0.4287441576762457,0.4646650636536914,0.5044222402360473,0.6045840616033687,0.44887131078403275,0.5307243015571008,0.4730392446155346,0.4810632832000993,0.33060964614395855,0.5755497356527784,0.4393323808293894,0.5157980873132574,0.5094621462032431,0.5614727916967549
2.0,0.4952532383730162,0.45937695162590814,0.44976365884439173,0.6492773147329808,0.5049551654563933,0.43652577028259026,0.5303529541282537,0.5180542941003274,0.3963676388944042,0.44650256399703897,0.5995331448623689,0.6468435294497813,0.6052170617767648,0.6851457033270529,0.6429275456770042
2.0,0.4262571816051224,0.3880081808281809,0.5737236529872743,0.5864662414464441,0.6724800798941315,0.2989909692335182,0.5034903624582273,0.6586894882463884,0.38880141850284167,0.4005122432356012,0.44345858654736003,0.47997079905561013,0.5770914182738924,0.5542388799716951,0.707401730640834
2.0,0.5107134572929068,0.5315123385577253,0.46120306703175673,0.43176487152731624,0.46730439738891855,0.4685743043512913,0.5867042142030063,0.6530254490906495,0.5426388992403867,0.5833842355575148,0.4771452861052987,0.6329879647367045,0.559179157005662,0.49901513731358743,0.5031811392993274
2.0,0.45469259471647855,0.5036538782289052,0.6859301077279554,0.60622477375353,0.48378876249560393,0.5926957715797107,0.5291767805129726,0.5572436988962624,0.4535199133732641,0.5042708060715281,0.5560646206088428,0.48336533097551265,0.6905812980688645,0.6156182380147567,0.578004498318818
2.0,0.45140957084148364,0.5854330299750519,0.431598023200059,0.5865766963535061,0.40123637644727694,0.5071326444789741,0.44627820556271136,0.6269435433073889,0.5539452902081541,0.5598539770117263,0.5299585427026334,0.5440647311719397,0.5087830193214339,0.5777472660173719,0.5323117367535335
2.0,0.5471146399992168,0.5161028887783833,0.45899050677200653,0.534998946771978,0.5013239196141528,0.3413140598352078,0.4427151129383313,0.5764389883624341,0.46283477497588005,0.4762412268169624,0.6427824013375817,0.6333426043567336,0.5778376170262357,0.6529180304866148,0.6241518681153643
2.0,0.6076622409940452,0.47942515099203864,0.43591282180351776,0.48402880880951643,0.5621856119098663,0.5431850261469048,0.5770291147603129,0.3257015322458089,0.40916327562149174,0.5590189082323598,0.5641461487397252,0.47492724795322705,0.4137953612748427,0.4463307557612874,0.49945616915072993
2.0,0.6418253817542344,0.594299174333447,0.6245536465571933,0.5647731047632455,0.5032319320072811,0.3897396937358558,0.4636232591368311,0.5143943531093741,0.5805196644173359,0.5046062481528594,0.637156490159297,0.6482743263854411,0.6941521039219379,0.636322146680255,0.6375528695883205
2.0,0.4273268267284918,0.49438197229947517,0.4819774802022051,0.4187142665312032,0.634988371604959,0.6768883033603165,0.4600736800131224,0.5653736512402788,0.6584254505494711,0.4667085961486422,0.5518868235661013,0.5998422651341109,0.5853713878625889,0.5545959105062086,0.6797865950649226
2.0,0.5186237730237507,0.5368436636216651,0.4847982920719645,0.5386137813690616,0.6559455657697096,0.42230450567028943,0.5005043164878306,0.4787147555206487,0.5011030070553957,0.47673237179609584,0.42787071274843747,0.4188180362799751,0.486610697711083,0.45053118491408395,0.5933136636603438
2.0,0.3912991713951848,0.3992303752289121,0.7441483280917721,0.5480563536340597,0.6157048779085164,0.6501359332979905,0.42657087206954514,0.43011521800925573,0.5006754583655227,0.6177358275256828,0.4522785072866634,0.444122116983416,0.6890414235318796,0.5449600624887488,0.6363121869436955
2.0,0.49838540662943925,0.5674332984374618,0.5033429233859332,0.6474351414605828,0.5069737571891667,0.4410223314062223,0.47045221836452744,0.44179318278043944,0.442789125002199,0.4754367648161179,0.462108477296495,0.5804233181176314,0.4838574420986593,0.6089731931847217,0.5224917259463648
2.0,0.5666268196468744,0.3556766665851119,0.674107757703635,0.6002275874560994,0.48135475465104255,0.47180920025187395,0.6360998002322842,0.4240840498281276,0.45329647299140113,0.43793370655949454,0.6166047826797662,0.5394684045037488,0.7139765935496983,0.6468205457952624,0.6929046811592138
2.0,0.5166357524972466,0.7429451866498995,0.4659082075987249,0.46648588630860854,0.40869030838719533,0.5095173308067535,0.40411896961858385,0.5095323855918871,0.45810704539133984,0.5015413709584305,0.5142242242707827,0.7155471805048399,0.5692261719244338,0.4930068589532275,0.5382972225550559
2.0,0.44746099571256437,0.4488518410141498,0.4880540176270653,0.605308251676104,0.5176794185153392,0.5557021809987539,0.5061645329905361,0.5015145443817838,0.45533740339858375,0.37363514628104505,0.42023999465263806,0.49816957825076086,0.5202277716186515,0.6394814937774782,0.5677397064279179
2.0,0.548826883746761,0.3592268016053304,0.5713500067206922,0.5698641460600531,0.34513619100459203,0.41624229699084336,0.7049227951256606,0.5526244471418821,0.42912198173875776,0.4056106943749155,0.49964777307103764,0.3944807587607136,0.5380933444922009,0.5140861323026347,0.33728022221482706
2.0,0.5711731988581824,0.5103954900200537,0.482793119897192,0.4580121483769919,0.4832678654525513,0.49594266654201385,0.5774263550639342,0.5798048860549332,0.5095159291246969,0.5794340001417141,0.5906792170383905,0.574474875749115,0.5729186870475846,0.566451859149888,0.5513642896370828
2.0,0.5120801182839508,0.41904018335734294,0.46743074537764345,0.47625444376709264,0.4515654508398323,0.42079610325827654,0.5080304885997446,0.4157350095301461,0.5377308745681562,0.6263901115624445,0.6295660564580817,0.5592303814498083,0.5679738780818455,0.5761644849761645,0.5460106396248714
2.0,0.5757719983257505,0.5826072892546637,0.5367574281791022,0.5438790338857402,0.6361480034501397,0.47926845290011605,0.4396283197840775,0.6211393588059508,0.5830219454367649,0.49291246338250216,0.5804777280363309,0.6273158858234813,0.6296249785669188,0.6638728157860065,0.7114631786906535
2.0,0.5265964222398756,0.5001957096246618,0.40422231958814747,0.5641089414750954,0.6027399860069899,0.493800343675568,0.47491484183607807,0.620466141602324,0.5143263927522133,0.4028898001111397,0.5857824553975884,0.49068067079696387,0.4625561969368253,0.5422823176427999,0.5581631412644136
2.0,0.5479648549969633,0.47252357636945447,0.5199993590403786,0.5594417335806082,0.5275175386713488,0.4869735495475856,0.45782461321151907,0.4899026816824708,0.4305335330593476,0.5111527533586201,0.5439109281745607,0.528860021441113,0.519827346669712,0.5694497879746049,0.46429159887888344
2.0,0.5386351936460532,0.4845555713891442,0.5477977237141324,0.4062789238974012,0.513163146067324,0.6308235712257853,0.40484561983998457,0.46077224060684036,0.5454772553764416,0.4517718401011698,0.6269746143198788,0.6056093414216991,0.6154360522048531,0.5330078056370938,0.6676441516917007
2.0,0.61369897836755,0.4884501562750627,0.6313298701005182,0.45117247652724535,0.3965407728056864,0.48396797409878983,0.5046467723464464,0.43446970469575574,0.5567847946149371,0.5174530601566901,0.5797376236609146,0.5186616322530017,0.6226689347546874,0.5959484072663614,0.5432020964611206
2.0,0.3885428340472632,0.5683450689515508,0.5290164325076587,0.4702816788500867,0.5219059891713571,0.5210711548262392,0.4715806916903638,0.4162729922037221,0.4992179477294161,0.31595227831183564,0.5469955456800849,0.6555915028022591,0.6775128279687862,0.668119390250935,0.5657301220733195
2.0,0.4498730942894381,0.4112498304608985,0.5449178697653841,0.5388255332970862,0.4338489315912138,0.523458062719845,0.52155961187298,0.7058275649518753,0.39929931821901443,0.6534806043152813,0.5103918348860279,0.4784409804094599,0.5157714747564367,0.5062116438978589,0.41702134650435535
2.0,0.4921401753449175,0.6678514893844375,0.4342894917936425,0.4746950008224279,0.5732738404442396,0.517342396225115,0.3565023962110262,0.6297875102655175,0.45495024955535496,0.5345998027778317,0.46856865495684236,0.5574186090477492,0.37701443848344846,0.4560238299312831,0.49189434951429245
2.0,0.37034360327936866,0.6863624247124528,0.666868344513305,0.5294431939963103,0.5934497650139009,0.7444784229927687,0.45096661755566836,0.3354564806106001,0.35822620751320905,0.4667662381999519,0.4308495499348676,0.59095338731501,0.6180168674536533,0.4773074943785403,0.5486660592893005
2.0,0.5436271789844004,0.5611853770885591,0.5691036497508987,0.5191328021227883,0.49705969791798565,0.5532471323427522,0.4363690294458111,0.4819463112249275,0.4306339980458235,0.4694781416150902,0.6578090033899023,0.5907679757398029,0.5787142300053124,0.5752659701422884,0.59242875806045
2.0,0.4069736714890197,0.5319436480109851,0.4879838051342867,0.4666512689073742,0.6048039746206489,0.37250754605979963,0.4786325751547202,0.45301080846510305,0.6140897145609143,0.333824371020324,0.4010682796591053,0.4480435283133127,0.5523602014173985,0.49567373026993633,0.5669329777804359
2.0,0.5396198328001859,0.544500263637468,0.5052555729875211,0.5341551481897554,0.4337407053651395,0.39897056962180966,0.4582024296491783,0.6312779880859336,0.5586818253204644,0.49786948729333763,0.4756315961365071,0.5573023431843658,0.4352202835973176,0.48036285875533774,0.4175996695318014
2.0,0.5150585428711,0.4879853073789402,0.4315493060022766,0.427021089503189,0.4999973066114447,0.43854379412923383,0.5043602202912792,0.5351885550188382,0.5371850039866038,0.42038568015550415,0.5431836846979523,0.571288372820243,0.5212318192969659,0.5422458355294402,0.569258771041706
2.0,0.5563373495172188,0.45017704598002717,0.6873184335049238,0.4364629670337312,0.5709642038532133,0.5458099423540387,0.24425913201974742,0.5397975011608036,0.6009040046311968,0.4845409805480698,0.5327141970471574,0.48814161928068495,0.6589167322233586,0.5261516046588022,0.627867108508801
2.0,0.589530563878007,0.5504779449180354,0.5051775968854463,0.5488314890796129,0.4536762182188637,0.6328576734526854,0.44137023174477724,0.3854873276028553,0.5037119983648048,0.46747501287569554,0.464336884546432,0.5416375706519041,0.49595903151438947,0.5104698229889266,0.37301140819379797
2.0,0.5274657780621197,0.48064213441640896,0.7797471589316731,0.4154576367543844,0.523999218957555,0.5859738435628319,0.5509847905311865,0.3868841332228867,0.5852708497370903,0.5459045663408564,0.5562804913189515,0.5668352814876152,0.7162920135614659,0.5008764895327688,0.51192062086223
2.0,0.5266700154915528,0.4359150926433393,0.38011171975843644,0.6347773300283411,0.46830996448203005,0.39359646079712535,0.41226730999618366,0.472499373593316,0.5934781128797701,0.46829434673559844,0.5960627472984928,0.5132685613683184,0.45079089974726805,0.6715312683180344,0.4895351478030842
2.0,0.4744769997118238,0.47042355976096406,0.5554585270738784,0.5843250319273141,0.4731208142545886,0.46691468116571255,0.5068809660396744,0.43157225557363904,0.4074422623719432,0.522839616706585,0.5387934512512073,0.5110159904722105,0.5834322131838533,0.6126308031297149,0.47979994766150547
2.0,0.5910618705017121,0.5185155627391591,0.5505803096265953,0.594709705748172,0.48330169059583433,0.39798865538829303,0.4983752289626387,0.596370484712372,0.4572397995439791,0.3899033378873723,0.5787940251868715,0.6255981665372233,0.6268461449462933,0.620599814026099,0.5752244506235576
2.0,0.35193625588746086,0.4412848570227734,0.687900455521875,0.5849504320018233,0.34595749751885857,0.4922845180427657,0.5991349713313091,0.26720868229809064,0.4524911298380422,0.6339724571810731,0.4419805488957709,0.5874920730159506,0.685621909417748,0.5945863442951398,0.47216924471725447
2.0,0.556731828069259,0.5463687232106059,0.5206607994416003,0.5188962778862233,0.46114602680145816,0.5745258815654049,0.48157470580330125,0.5328031035608783,0.4573606338010671,0.4766406528912141,0.514090645163417,0.5141205025980601,0.45979257747798663,0.4602177490887233,0.3720772749300063
2.0,0.6264846849063193,0.4569545547268203,0.7485822427744228,0.5074618094042787,0.5099241468336188,0.3483586798315853,0.4166507912396802,0.3677089883980994,0.48501487255309284,0.5106290815025011,0.5577748419323109,0.44226254422491024,0.6372211855455517,0.507236398822195,0.4568406872560837
2.0,0.4947641042959573,0.5882953154094319,0.5312057382384626,0.4966660543092826,0.5965076462678782,0.4455679084485033,0.4679739561723555,0.4193111484036651,0.6188393575501954,0.5196004438929354,0.48775737923537116,0.60615626925364,0.5329390229475035,0.603481423723104,0.5976850199200041
2.0,0.5049051350209667,0.5527143291474278,0.432859645217894,0.6278859344336918,0.398590621147013,0.468841070126248,0.5323005446067619,0.47487953375144104,0.4335899116790097,0.5672236644369755,0.5400468069219229,0.5547333696896006,0.5086567151620182,0.6005365176164721,0.44717928633075504
2.0,0.5375407151731824,0.45875064005778055,0.5888848638949208,0.4717327326042613,0.5278688184886696,0.3795135045996337,0.6298735677844267,0.49716475255911463,0.6702744159125776,0.3966360533392586,0.5709293758572069,0.4951915196846756,0.556816147022219,0.42237565213364076,0.4929371379673859
2.0,0.4756607001739313,0.4644332978315182,0.6170286242081783,0.5434335925047904,0.2518299646603569,0.5020480373078556,0.4847770641067309,0.5853585403859252,0.40030227966316456,0.5376891934694029,0.5409373164586778,0.49628502705268523,0.5752895243640498,0.5425645991323956,0.3781068093821951
2.0,0.48907275913894543,0.5932612446944848,0.5069237420975141,0.6558488458172227,0.5614217151400798,0.4895438308721436,0.4746701099165163,0.45672408417033955,0.480275952778157,0.46556243348170695,0.7676932226539946,0.6738095129736057,0.5837968479142005,0.7279783044507617,0.7131449453192837
2.0,0.4950921838102982,0.5239537594812267,0.5808684622979002,0.5734248383622645,0.506407714798654,0.32421861294366255,0.5060197139205326,0.5095525665437439,0.440269855106875,0.5129295080766088,0.6284208208218223,0.6443937171265995,0.6954168290180198,0.6844909182636739,0.553752028320958
2.0,0.5484087760612966,0.6533846957438829,0.46782955355281425,0.3150362988102559,0.5384978502178085,0.5424177041775609,0.4699653288205338,0.4956844728023385,0.5539221673970104,0.489178295872583,0.49932098821062176,0.5872357409958538,0.3846486253029794,0.33230586790780053,0.3638945436087195
2.0,0.6447475587650985,0.6047966823065571,0.6102350071969641,0.8494067909625286,0.5080415415476527,0.39620545558433234,0.4515622483175897,0.3438065503192344,0.2307976373967419,0.6123647781315723,0.5071554543985387,0.5517106432934444,0.5542499629296843,0.7397332103643118,0.44278296162060726
2.0,0.4961101204290257,0.4790902517497134,0.4229811050587094,0.4944797692532987,0.5544235159459937,0.5401051870932427,0.42966685670950233,0.5865237242165464,0.5101256885515942,0.5291422226693577,0.5150319486146913,0.501059845949673,0.48173127114488495,0.5753046044724858,0.5803034629056634
2.0,0.47693293503897105,0.4739283880329946,0.6640432101296083,0.4251205398818595,0.6208759781616935,0.5382936975663197,0.44499128678127786,0.40755942386728256,0.5791443426429734,0.6126000157633624,0.526754634808747,0.4605366399832085,0.6203520509740803,0.5418078398026509,0.6086082099063251
2.0,0.6166357245499229,0.603933054584741,0.5249526221457176,0.41129260156801944,0.5107921118997639,0.48171508114736344,0.5397905428130129,0.6315201906277239,0.63513614184925,0.5097612657410917,0.555557555196179,0.5370171964868542,0.5016628666039339,0.4215725769722379,0.5052468956298949
2.0,0.5012912616974174,0.4739842176273108,0.5526705010540828,0.5747300419441104,0.6231723268131449,0.49735413002651235,0.48904605446688554,0.47462246320685236,0.4986195746730482,0.39455813909495263,0.5727667622573893,0.5118922965656217,0.5666091547963551,0.568657991804657,0.5886379473897361
2.0,0.5286926046451152,0.545025221628463,0.6567757702348727,0.5154295112044982,0.5965379965209315,0.4734341859126085,0.510890018669086,0.37701855227465775,0.5028984657427422,0.5081756618181315,0.5484321065415201,0.502125103817616,0.6148503148377695,0.4367096486293491,0.5746373642880284
2.0,0.499333797598199,0.5486626844855014,0.5174279658400067,0.6634899512882675,0.5181663372905353,0.7015730862600569,0.445565965930075,0.45597389082468337,0.3817986497261417,0.46330489070421915,0.5049364627056238,0.5815092337314419,0.5669796463959176,0.619272280776357,0.5036174093760497
2.0,0.5031449251396819,0.5255058317323891,0.6073966490673836,0.4951051814910013,0.39952605777312705,0.4363865048185305,0.42025559111617555,0.5324586386754235,0.5506553735100033,0.39895753250782545,0.5108720190473105,0.559552019518565,0.531656023884118,0.4090747922231698,0.4680028138941509
2.0,0.4603592395495191,0.46673569390762215,0.5111598177081697,0.6775613275313589,0.42730287381036064,0.40227743397516913,0.5714020799044519,0.4903695088511391,0.390423216440166,0.5038014290461453,0.579928152367439,0.5219453716946046,0.4897133271866855,0.6361149439885495,0.49113672681744047
2.0,0.6265478282940421,0.5475563151898841,0.4361023576540884,0.6392135155205149,0.44759418579961485,0.3778877485508892,0.5118800351415611,0.5488654227846883,0.4332658292728115,0.5281651007327836,0.5074694665104931,0.5659358842317629,0.4792343606575541,0.4859010473493511,0.4929364456626811
2.0,0.5047911731919336,0.4772343961779627,0.607133382032224,0.5101359196103964,0.47807505608086887,0.5398496077418653,0.47226854452638856,0.3193926905014685,0.4884980190454226,0.4673528476329777,0.6131874293356406,0.636622782461943,0.7048126143795854,0.7129470731219194,0.6439611575096312
2.0,0.5327161278803287,0.5033905838897763,0.44952809897022783,0.521307803408983,0.5528556051116663,0.4201700221733391,0.5029457886777797,0.6911781640461973,0.4261110035418598,0.5280574244170756,0.6451595642638259,0.576355525372932,0.5663171059515169,0.635601552811203,0.5990781192195197
2.0,0.49115120208439034,0.5956426869345877,0.5304207676515753,0.6871614884202842,0.5702268708505577,0.4990384225356211,0.5974767496191508,0.5727193625238168,0.41370455761074026,0.43532641127123334,0.5110165684784654,0.5910522490128188,0.5683610823777434,0.6928479763705694,0.6102150659203415
2.0,0.42935766545867776,0.5217521298462331,0.419099333404538,0.6705302720599859,0.5171969189600308,0.590579647916421,0.5399803528046185,0.5786666385583682,0.4213589869879623,0.4309223709787621,0.43078694852564225,0.5097467521548559,0.43193520549646225,0.6330761060057392,0.4977704776008645
2.0,0.5532456288144513,0.45202186514121606,0.510007605383497,0.5547843583839025,0.4453818601584204,0.4037959823045114,0.6552886705290488,0.7306556069003288,0.5000682437339175,0.45781595929090935,0.5770574099791798,0.5381750387482137,0.600762472207539,0.6582545702983766,0.46262671386995957
